hour,day_of_week,traffic_time,demand
6,0,21.810095809763748,122.5153613033581
6,1,26.639039606329614,168.5089713064933
6,2,22.968323560552577,155.79336388244707
6,3,24.18964344339855,113.36632425325892
6,4,23.43511682706681,142.07260166783988
6,5,23.670980047030405,191.6997965493169
6,6,27.38059744328877,203.6099141060496
6,0,20.569380242684232,96.77618281755812
6,1,24.004717097558245,135.00376680462506
6,2,26.886793137422977,169.88236475064295
6,3,27.53662147925794,183.71221645894508
6,4,23.595759632949168,163.36969051763555
6,5,24.542354123891062,183.7383278902481
6,6,25.583940457131717,196.50141830853735
6,0,26.28705047611788,153.77414204616986
6,1,25.77519353153741,172.90417354231758
6,2,23.68938088659545,150.1707218220899
6,3,26.224655039866057,134.64698219364956
6,4,26.035210534879013,141.97236581248504
6,5,25.4928359988977,202.6127244051729
6,6,22.358692889037727,160.5523362512241
6,0,28.59464267718082,179.52043912434203
6,1,23.66191430041317,135.17186871325424
6,2,21.24263155952721,139.4926314982108
6,3,23.809723602890568,136.73806663289298
6,4,29.6708920662353,164.21246010952638
6,5,20.95706929904913,161.15436592990903
6,6,22.991929291860743,183.89919891496788
6,0,24.40851265221866,167.22723409226057
6,1,27.482709259073435,185.79207777649248
6,2,24.94146743517789,153.441646860268
6,3,22.38697643955136,152.57200722476463
6,4,29.731935515207795,156.64019605418565
6,5,25.9159357919954,175.89439308163458
6,6,29.0797273592712,223.7450372796613
6,0,27.4457604307924,174.906568080638
6,1,24.29284859892652,132.95114453877693
6,2,22.70939480998431,150.6279502199014
6,3,20.69399035675377,132.95571743507276
6,4,20.81290802315245,129.18235860403604
6,5,21.069864987514386,157.31612183300183
6,6,22.62263945204203,209.25961160058785
6,0,25.85154274275695,169.7178535907642
6,1,27.977143255179406,147.9456742250199
6,2,26.1504419213244,120.38829178031553
6,3,21.40362807368619,168.09574450725407
6,4,28.5186516004112,168.48944401715926
6,5,27.62210227898433,203.28498325235336
6,6,20.88273883304379,177.5434290716506
6,0,27.785921802465225,139.1637947103567
6,1,26.15552849461252,116.7889013893907
6,2,22.32341359849348,113.1639328979163
6,3,23.07505279872939,120.52838487673044
6,4,25.97974698304529,151.10414640732648
6,5,26.55680858769511,221.3344028356803
6,6,20.24176536148336,167.6854760595767
6,0,29.18756263766038,199.6722265885276
6,1,28.10052771770492,157.77217846603023
6,2,27.88471935593212,171.06251682012626
6,3,22.95933387277397,129.2954440298696
6,4,25.760079043020404,161.2375972439577
6,5,24.87393780007277,221.2672971204596
6,6,21.0302854693771,190.86130248392251
6,0,26.577390416845724,144.5913858976489
6,1,20.41138950507673,132.204555415374
6,2,28.38190809948956,158.63503270644787
6,3,23.391368986246736,122.5628660683128
6,4,24.95875299794808,135.50555617100633
6,5,25.4401434873254,204.05837257052568
6,6,29.58131167249023,213.79591346866013
6,0,25.11875234269712,186.04797379183552
6,1,25.00850716224398,132.12423290167564
6,2,22.980249181275475,140.75950892537173
6,3,21.99387588056649,146.51217515433052
6,4,28.37096100796011,149.2206296271679
6,5,26.59198323045976,213.67853480555397
6,6,21.04729794317171,127.90921525734932
6,0,22.83112896144736,180.36210363618216
6,1,25.002330819797155,182.3687549441864
6,2,25.875563092069296,124.20277247588304
6,3,27.49560639510348,129.6488300621041
6,4,29.04870492843493,180.60684153931825
6,5,27.14485382261919,215.73778707128935
6,6,21.479910531355348,177.32874098834876
6,0,21.929260748680463,161.9145930817932
6,1,24.122641030564115,148.37381444051118
6,2,22.159863710910564,130.33707887175925
6,3,25.95760891986468,167.4073158910594
6,4,28.289375829410037,163.50796093029547
6,5,24.20009839676585,183.29615852407292
6,6,24.0174155472207,218.2917785498563
6,0,28.90391100268546,188.0047307347812
6,1,22.71883713947689,172.84147338494768
6,2,21.70507612959837,122.24163694212314
6,3,27.280248311682413,161.3370567691387
6,4,29.92090098626232,157.67754051449495
6,5,29.860321374243867,234.9621862645576
6,6,24.714873734731835,170.6742779208493
6,0,26.69371175891092,155.60577440029084
6,1,27.33946080393759,155.75236794458917
7,2,23.57002204651325,394.1860437356229
7,3,26.152505515583627,360.3698378833701
7,4,27.056048615207583,421.21272160626
7,5,22.13091683488656,426.615446683686
7,6,23.826869599719945,420.02801643128953
7,0,28.471552768254583,402.30096832147774
7,1,21.33607598869142,367.6250216794137
7,2,25.116779324500285,420.59061064758777
7,3,26.993832883184027,406.0061886911434
7,4,24.778079078014592,398.8231883663107
7,5,20.49298796496908,429.3956346734458
7,6,20.81086975672434,358.6679908429061
7,0,20.288855076600157,402.291288028542
7,1,24.374401816949693,413.34691227518834
7,2,22.136697805852474,425.3258374694858
7,3,27.24933757608296,394.9324448334712
7,4,20.203697640523806,370.4951720411317
7,5,22.954120649354923,404.071113041777
7,6,28.558098669210366,449.14165898791055
7,0,26.20889738464601,414.9620373253635
7,1,21.128724630336784,369.9352336387867
7,2,25.718576608614157,419.2234745803832
7,3,21.68028638648001,364.99727697207663
7,4,26.231962946408657,423.9921432208224
7,5,24.602162053119606,462.838650990156
7,6,28.155670880759047,430.2170482512065
7,0,25.99188732199439,423.9865721734024
7,1,22.273908016862045,427.5247868470776
7,2,28.10643745234209,402.741934133051
7,3,21.463832599995733,400.4681261856905
7,4,23.88019010335761,361.2493053262833
7,5,24.93107023663226,480.9903478051276
7,6,27.53641003308277,470.6004768641145
7,0,21.060945434207564,331.4520456368913
7,1,28.523810881639157,395.4443732397101
7,2,23.230951629910194,414.84755844888986
7,3,25.41490010765471,380.8629569856536
7,4,22.798604619065376,383.145034767889
7,5,23.684666777935945,487.45632846207326
7,6,28.0467255305698,472.1673894471516
7,0,23.58704317653041,375.8396562415588
7,1,24.00579197456497,406.3419101784619
7,2,22.152825785663676,428.0917147183629
7,3,27.555084514828785,400.7615689665989
7,4,20.63740762695349,379.3411679967425
7,5,26.254337530991947,462.2862601748955
7,6,21.205404793139454,410.4538816628535
7,0,28.494771360806585,402.95912535025
7,1,29.447317859376557,419.894469903363
7,2,20.99176196684645,386.7678913231974
7,3,24.08269980035697,413.0170654507818
7,4,25.949332958925982,400.93395545062725
7,5,28.982156387585817,458.6147591184464
7,6,25.02771089872985,421.95237711213406
7,0,28.668068050575847,380.6397056624363
7,1,23.979524731455907,397.7199295787688
7,2,28.44715134313591,451.81572282985405
7,3,29.63797110231357,442.173054216216
7,4,21.75938522710149,423.3166000185921
7,5,21.18406396041148,454.3633802157124
7,6,24.329192227686608,412.8203339095242
7,0,27.581223467572613,388.7357927129268
7,1,29.089507801265867,397.46334616001616
7,2,26.26587828547252,371.3160424006647
7,3,21.91223112666721,383.3394629202292
7,4,25.33457850009009,388.7692372739753
7,5,22.289617013729,426.96202115815225
7,6,26.0399243252873,477.0279761379648
7,0,27.12783413886141,402.3706616226182
7,1,22.633175345461964,398.6294480969423
7,2,22.24303863650765,372.0528711062896
7,3,20.569286703487503,359.9900820961377
7,4,20.025035926650755,330.72927649390897
7,5,25.00376828732941,436.7019331706228
7,6,20.515421749170464,397.95593706164897
7,0,25.80802486889164,406.3144505653654
7,1,21.383203840172698,392.47874322755
7,2,28.255047775806943,414.2245662420332
7,3,28.69394563758557,448.1580857367297
7,4,20.225717022329604,371.9379708327892
7,5,29.047413105555957,506.2350514882336
7,6,29.36467935080661,480.9079528104776
7,0,28.47462476460298,405.44817258072186
7,1,26.860095022857813,419.9931176310968
7,2,29.03783200399968,406.22115698061657
7,3,20.798939431576024,368.48035575931016
7,4,23.73235991031832,400.0182792764017
7,5,28.82132959868209,471.7000314511475
7,6,23.079386512189394,424.01166339891216
7,0,26.90117139994889,396.557075385729
7,1,25.859152122115248,414.8261536744684
7,2,27.44143895332465,367.42268713576993
7,3,24.12385637536068,428.7813997321104
7,4,28.847554974290773,435.3061737414653
7,5,28.91034498529852,471.7298254245597
7,6,25.73400584293789,479.2037184446084
7,0,27.401752494945864,390.9842028646838
7,1,29.23822152794521,420.4283132485433
7,2,27.004605625183057,379.1212246135036
7,3,26.69145691193741,384.8602374779182
8,4,26.08602948945726,378.71676951334666
8,5,22.32754025144211,394.0379597183141
8,6,27.760299908227843,456.900857131339
8,0,27.62303471667733,417.95441216864
8,1,25.063853962897475,394.750611668863
8,2,20.874923047222108,372.6815688249222
8,3,21.169960604914607,370.1785045439215
8,4,28.979184810006124,412.68961427402695
8,5,27.192594417969776,464.9715823112789
8,6,23.93872862194647,456.55590851353696
8,0,28.106767958180235,421.2477062165271
8,1,21.095234735430363,408.72578820675534
8,2,25.57053077913976,426.8937052044421
8,3,28.42258345956281,407.0474905635936
8,4,25.885011111901324,420.4074080327328
8,5,24.216645258770946,422.1130291804042
8,6,22.32114155689046,433.7786336524328
8,0,22.520444568116893,345.0620498102718
8,1,29.83617985876741,372.7973332747698
8,2,23.48616647269308,381.1350105952904
8,3,24.057798198186937,413.2637004488618
8,4,26.30315071882226,413.2558496914268
8,5,25.683593081216976,480.56394910136993
8,6,20.62797304269664,422.6820918786773
8,0,25.58796184687286,365.0415802208743
8,1,25.185997089109776,433.87638777706
8,2,24.204732440726115,414.9039234134103
8,3,28.26713007040541,426.7539810601997
8,4,28.876347171997537,410.8229494679085
8,5,24.3790664111099,446.3636732415426
8,6,24.249314453845518,453.6896809880562
8,0,24.49845615423761,398.93152758196
8,1,27.34838212581489,411.09174030081545
8,2,28.941480640312328,398.3436412300522
8,3,28.127904352049608,434.1474426696781
8,4,28.230550185407424,409.563893737368
8,5,24.543236141583616,448.7838655033331
8,6,21.4698320949392,423.641132103598
8,0,29.94088353649776,418.93707627557313
8,1,20.576032039682687,402.61372576790814
8,2,27.453045488979186,398.5762054976073
8,3,22.546421245415893,368.4254216874208
8,4,28.40118087409018,420.2856575837973
8,5,23.94040049418368,453.7730466316308
8,6,24.11568785175625,438.8183485479984
8,0,29.93085411703089,402.82316906154
8,1,28.503894061241997,422.37448451318727
8,2,29.065624572524253,420.1638534078877
8,3,28.9226699338531,417.3017295128405
8,4,25.85569413426464,402.7710025909055
8,5,29.905811279251,501.4705160579326
8,6,25.34994478454181,515.4347823932657
8,0,29.352010313535995,401.9853278441398
8,1,22.530463113101764,391.6271618008144
8,2,21.433321672230687,365.88586176969727
8,3,21.15657746535445,400.1758896808313
8,4,24.605008401193764,413.7969929246469
8,5,29.128048416189998,462.63562380444034
8,6,27.995485613012026,466.8755126968891
8,0,22.132585131577606,367.7817122737034
8,1,21.90283071994948,373.7973495302668
8,2,25.11995149501356,392.7570386471505
8,3,24.128850141268416,426.88566128536354
8,4,27.10256718252382,438.0833747626245
8,5,29.831692680061213,502.7394868970004
8,6,28.79969289201057,441.2656781407799
8,0,26.499119461195576,388.0612057799833
8,1,21.4718747557277,374.0345469323205
8,2,27.477029964714404,397.7626713776838
8,3,24.759014630483332,377.0770143179712
8,4,24.8343369383516,372.0051015487501
8,5,24.32932399254738,428.3364590778135
8,6,26.20041458599347,507.4287899270388
8,0,29.131250881300787,432.7399074779033
8,1,29.188942523478698,407.3090628288977
8,2,26.084275601610248,377.902090483895
8,3,22.85491984192783,390.3308552120853
8,4,25.72921230949538,407.6361647400528
8,5,20.28185936674119,464.8017649262423
8,6,26.18179930769323,456.6464536157405
8,0,27.90860285729052,423.2027903482565
8,1,24.08552960667824,378.8819615995382
8,2,26.840262607350446,450.8747512771152
8,3,25.68616464800822,405.0266442332951
8,4,29.455254302279737,432.6490910818816
8,5,20.490873417939785,438.9708321707215
8,6,26.92147480988475,471.0787957431604
8,0,22.70183699393981,390.28231587642966
8,1,27.3598448732954,379.2715108232168
8,2,27.93821154790027,413.3408833479344
8,3,22.228137363806244,424.2408382312417
8,4,26.40347181514059,413.21613852588325
8,5,20.888903775752144,464.9199809419243
8,6,21.794428050257878,417.340597139939
8,0,26.17285844769776,406.7114352667783
8,1,23.51333597729957,388.8017247338202
8,2,26.482872735689103,408.999021471812
8,3,26.394919421211704,408.94128771476414
8,4,28.162261696373413,443.2063698940621
8,5,25.21634875384576,445.6597756999441
9,6,26.640880052837822,467.5175362826955
9,0,24.313147150761075,412.0927010050975
9,1,20.73203098063456,397.8062397344354
9,2,26.219733902489036,399.1604786510859
9,3,25.54828878147488,395.89472975469
9,4,23.444110802683777,401.5217412329248
9,5,28.14015725362208,492.61975804131697
9,6,25.62168191631002,432.46055680669167
9,0,20.41882427870655,365.8834258277677
9,1,26.1215351122467,358.5968749763362
9,2,27.459088515018497,426.47836306827526
9,3,25.19253271212661,404.4614301895275
9,4,23.83412902666669,354.0299370210921
9,5,26.72299474969362,468.0148698594832
9,6,29.65371792329288,468.5334041027188
9,0,26.06011976840585,397.2311609999426
9,1,23.912885056016638,410.0367535483869
9,2,20.14316117528324,383.9086132331922
9,3,27.926779720043672,419.4378806789463
9,4,29.01765590360977,389.2053730016357
9,5,20.233350302256444,472.3755667702765
9,6,27.77778172396502,422.90161630444095
9,0,20.787358849666298,381.9004825152588
9,1,26.60150009009296,392.9227628507424
9,2,29.37623190599286,391.491000968219
9,3,20.126027885657507,365.0727247159281
9,4,29.94123973546292,434.3270806881413
9,5,25.525815176686145,465.6257932584173
9,6,21.15483527022955,425.1725842999296
9,0,28.587358046718613,372.33585168356177
9,1,25.856161792632115,396.7750959752356
9,2,26.289338373490043,432.5479642605069
9,3,29.02718216354263,398.9339043256697
9,4,22.96581525258266,390.5082482054553
9,5,21.28939535753645,432.2503248992584
9,6,20.09089579714414,433.8726929300032
9,0,29.3384136424326,381.8419366534527
9,1,27.654755268882745,410.69407421474017
9,2,29.05811566187561,434.8861049607845
9,3,28.564959396689986,436.3019967636845
9,4,26.195227143922796,420.1189949163143
9,5,26.513667602329512,463.1666029822576
9,6,21.132304824102324,443.1658221948852
9,0,25.33994042758424,425.4690932657204
9,1,26.548135708543903,427.9852214734816
9,2,28.533563009914197,416.0006132938968
9,3,24.198071016559894,387.4332788174239
9,4,24.217962326285477,407.3123961088579
9,5,21.14216477590047,416.3116609504732
9,6,28.438709658824443,525.100578520232
9,0,28.873312702294164,430.9090873913468
9,1,29.432319446724787,442.2164805485629
9,2,29.114835980819645,412.8056134431416
9,3,26.33453108570712,384.3138031495924
9,4,20.119608305329468,327.81300594791725
9,5,26.343899181094876,447.0801479679556
9,6,21.258139315385645,402.3713222285104
9,0,23.26919235614227,441.1568575653324
9,1,24.704449340915406,430.90109436913593
9,2,28.20558256332567,402.10083139208496
9,3,20.702498768216323,377.709543922885
9,4,20.725569557486264,386.9570180770722
9,5,20.4633960366482,417.0465372115758
9,6,25.48830471576087,461.5995924578221
9,0,26.677360869278942,390.7320159179167
9,1,29.088259116040064,407.4445627832746
9,2,25.827189706141205,440.3325613529017
9,3,26.77190666760727,375.01697910576746
9,4,28.998838974941712,462.7359709173333
9,5,22.468624611343166,456.9274701378719
9,6,20.07320041701815,390.03520421722726
9,0,26.96456881704095,415.6047638663469
9,1,22.198453880742683,400.9996192187043
9,2,20.314320324671883,388.3105242274064
9,3,22.176913206750047,373.5511320020123
9,4,23.2737821061452,362.167896781874
9,5,24.36846600067607,426.1416268137431
9,6,27.29876545165464,459.95918537991633
9,0,22.50075429057536,376.48396333901775
9,1,25.696304932162327,413.4193417321577
9,2,24.146936137603657,402.0341440649509
9,3,23.493643874272973,388.4518864856422
9,4,25.594885495401584,373.4805561865237
9,5,29.41381015174484,468.1553300638856
9,6,20.10613674174926,456.10338314732746
9,0,29.30279798952769,469.8667648155592
9,1,25.86109153993897,412.4926605877031
9,2,28.212000126889464,430.61171511453887
9,3,29.514872623811005,404.447051932157
9,4,26.27559700087119,388.2882260699659
9,5,23.450097446737956,427.1787108163759
9,6,21.358487575647757,435.7840522070556
9,0,26.688822184480472,433.86626562429234
9,1,28.671779281911164,393.9545212800933
9,2,26.40400453985733,412.1882916159229
9,3,23.821352746329524,418.67699442497553
9,4,27.45496259010852,438.1755253437752
9,5,21.46155311499553,404.36266615319664
9,6,22.49422630351621,422.9508667728716
9,0,24.994181208042235,393.6704447787477
10,1,24.71189586250209,145.10713066610464
10,2,26.068985894588256,171.6756150299049
10,3,28.008148730658597,145.8578877205628
10,4,23.27812876543534,114.55432920859076
10,5,25.66768533312896,194.7290606420216
10,6,22.123715753208213,201.4470535896172
10,0,28.99671285456949,154.71352589538955
10,1,20.389025984489443,124.2131400471732
10,2,23.39913034535672,132.4470297166147
10,3,29.5552219858622,168.53301941585465
10,4,27.837187395988494,176.7039152854041
10,5,26.0236642465312,219.31106053719392
10,6,25.176159775824814,194.03282552576036
10,0,25.539797134082296,144.86717577200625
10,1,25.439319318329417,122.56614143983802
10,2,25.687116670253413,157.7310613661795
10,3,24.8900183851543,148.53173359891238
10,4,21.279768906269048,150.29291902875454
10,5,20.91735036119256,164.36435532556197
10,6,21.17460204476991,153.7408483284112
10,0,25.933247154494552,140.54203003798307
10,1,22.8931765948732,143.25137037866557
10,2,26.33908045796817,160.23916157403303
10,3,26.345102833340828,137.7144960647875
10,4,28.051547177887407,162.65026813792855
10,5,22.0948916897188,191.6772757060096
10,6,24.181661074795493,206.04221732586632
10,0,26.303038505686903,164.11668894727876
10,1,27.452846435499417,169.34962150641036
10,2,29.609600068763804,154.80845947704947
10,3,25.120267066455117,120.56608738463471
10,4,24.848176877897416,159.20552066998496
10,5,25.943639215337356,202.72776472974968
10,6,27.705273754266276,222.69147856533556
10,0,20.079866539517774,129.86451072282935
10,1,29.32362647474727,169.76599475787708
10,2,22.35354637596904,148.6756764351336
10,3,28.304128677851946,165.2576341933924
10,4,27.71135238535869,170.93587262120062
10,5,25.01010090878801,217.4303211046505
10,6,23.384589386674254,181.9703417392272
10,0,22.981595752343196,144.73880566338133
10,1,27.429658650038665,142.9090328393957
10,2,26.2873585082164,128.66311398952837
10,3,28.37017829092491,170.56980435375758
10,4,25.55125268754732,139.637671138683
10,5,21.30339139681774,204.41142289432716
10,6,28.680624675121948,183.31080723307764
10,0,20.240342846751812,129.0010156836178
10,1,26.690402359584105,142.43833371382547
10,2,25.941128225482156,124.77671401219064
10,3,27.20193918773719,202.98237232354185
10,4,27.314499990556783,128.2978173782813
10,5,20.830839306386448,177.92574330236857
10,6,29.926173269578317,227.60406327133072
10,0,28.705324474212684,166.05922586258737
10,1,24.638603484899484,157.32954517658874
10,2,28.658698346823805,168.35281578677032
10,3,23.23994020728431,171.43842173131847
10,4,21.773034744883272,98.89320890331254
10,5,28.18703996401261,239.28320103908692
10,6,24.71578255502785,187.9521267939604
10,0,27.836708014584676,169.71991299880028
10,1,29.42473897845804,176.985844662189
10,2,25.320009670706604,178.123161892754
10,3,23.215176083983952,167.89617795162928
10,4,29.54727407187818,155.16817599616385
10,5,29.67244613844335,214.0585819670738
10,6,26.20198596712886,200.87228890913957
10,0,27.14091769398365,124.53726463197232
10,1,20.687596102927635,136.82141236256106
10,2,20.8986783330422,124.64777422833608
10,3,20.635709336779385,111.29586940289504
10,4,25.086159819620583,151.56883278378365
10,5,27.61206664441548,228.28299716778227
10,6,29.473887928409702,270.04492666914217
10,0,29.8491894824987,161.76517782600322
10,1,21.69702428719324,107.5581889233315
10,2,22.04171750853808,109.61122874099198
10,3,23.29479224335005,130.3745341003445
10,4,27.432057618105578,171.2349815717239
10,5,26.65156284603291,216.64589447438172
10,6,27.60767273408944,225.77520789671064
10,0,24.270704754604623,144.74856249571496
10,1,25.562197898224845,170.70425980701407
10,2,25.30536169135153,143.77980375146635
10,3,27.355976743917758,208.19089857989968
10,4,29.67662427093385,196.0812435070181
10,5,29.602896297993038,208.1042928393893
10,6,23.9973020181287,193.45984724897724
10,0,21.717756010531414,162.95934400398215
10,1,20.37296358640124,143.65976815236738
10,2,20.372140231665743,124.0102125158209
10,3,23.873234788494894,122.81113859141736
10,4,21.30243358425701,101.45148978581832
10,5,25.037372170632445,227.9240239602157
10,6,28.503190229193283,244.62428859763892
10,0,25.10952317407613,168.57757379980043
10,1,29.092698025518665,173.40890675469018
10,2,29.74575862123926,187.93735393920537
11,3,20.279894131257493,133.05506411029256
11,4,22.59598927194745,142.26354954708782
11,5,20.13063854813745,186.8267278141356
11,6,24.32651994581613,224.23521695705068
11,0,28.726112875311472,166.9202445279843
11,1,23.14554623462393,129.00215332010774
11,2,22.22598475046872,148.1687904129488
11,3,27.58588066353696,168.94913612468196
11,4,27.00812036644203,125.75108299796256
11,5,29.532664192741404,232.31372316074703
11,6,23.89788409739889,206.2337338848462
11,0,29.62031461707959,160.89360517710332
11,1,24.074661898248525,164.25103115622036
11,2,26.45919688873816,174.19691726106072
11,3,27.38763172047547,201.9992271225877
11,4,23.37861807699178,147.89054171246585
11,5,24.842583663520973,194.98171852526548
11,6,23.635534795367505,156.70596418554732
11,0,21.30247768991845,144.43465569505844
11,1,23.15140815124876,161.6517317278441
11,2,25.449523226992227,150.0494709832447
11,3,22.62281538567307,112.85454361646566
11,4,23.751917746711403,173.14758023924122
11,5,20.87465651782218,164.0681228242501
11,6,20.801329914830823,172.80832168799057
11,0,27.57987698394373,169.47335812550247
11,1,20.707467188237143,109.28137237149625
11,2,23.25763446179538,143.90048408634723
11,3,24.91509282255715,141.39834131391044
11,4,23.57960460277626,158.21723050388843
11,5,27.590175831138914,229.83089616803937
11,6,26.00808897712718,185.413983784324
11,0,23.632610548345507,139.58406868139843
11,1,21.65005791474305,118.34960045205278
11,2,21.675370028458836,118.97352673949946
11,3,28.050074860799583,152.2663326145124
11,4,20.228258606992103,136.20637742045864
11,5,28.8450636975136,232.46787102276943
11,6,24.508737717602276,187.68082308583035
11,0,26.86167440549267,160.98166923353523
11,1,26.89702040695365,159.90364588170362
11,2,20.11332974049812,147.6445731040329
11,3,21.367913611150698,126.62374253914564
11,4,26.508355378765398,140.13721715079953
11,5,23.04524980203805,201.1595789522975
11,6,22.520255544541563,186.6490441144309
11,0,24.99135825619323,161.27494440664347
11,1,21.767808393950425,95.8297923862304
11,2,27.984883728508976,153.89838263827474
11,3,23.738016303160865,169.27159392769892
11,4,27.88083885168304,153.22222078455513
11,5,26.60331942379916,214.8009994206412
11,6,23.922017394924648,204.1372233289582
11,0,26.12064296416937,181.26141739325192
11,1,28.07453127544245,195.4993396065617
11,2,24.78025442825506,156.40338002076336
11,3,26.7408932387366,144.79846878954294
11,4,21.04635744178098,120.04920334066465
11,5,24.03246122086486,162.02624840792302
11,6,28.688093697884906,231.36922755992924
11,0,22.03696052268369,129.07108789707198
11,1,21.856173547313823,168.16955257877157
11,2,28.78269202421398,162.43597360981357
11,3,20.14164235922137,179.2210275785641
11,4,21.300662128098065,146.75623160558206
11,5,22.66941560255226,147.521758652078
11,6,24.89149217561524,182.47675839074407
11,0,20.42181144511109,120.18473435787176
11,1,23.575164706449375,136.89823882593518
11,2,24.812443194973984,148.63928581435144
11,3,23.930823519051295,142.69533625549462
11,4,29.677432203354005,160.63420199851524
11,5,20.163559626329675,196.76260263249895
11,6,20.590288669170988,157.5392137831399
11,0,25.22045265774555,157.81098438357776
11,1,22.975703766811,145.34649752634056
11,2,22.120662571752334,149.10335426753963
11,3,23.40253774840956,158.80572727091285
11,4,24.24603884553414,183.5899680628253
11,5,21.48577552151565,161.25796313664694
11,6,26.87550590640772,206.0030582161152
11,0,20.466465953410456,89.39172783790383
11,1,21.40227683599989,135.45099703196556
11,2,21.955561418863702,138.5029868197162
11,3,26.12082589938847,150.55666512708788
11,4,21.154228193562563,117.74570112921384
11,5,27.211745644429268,184.3465669955259
11,6,20.47709638354683,187.43785498484596
11,0,21.096477016266046,131.0384431128395
11,1,29.63427212256052,157.1136357678713
11,2,26.28899796326378,158.00962545318674
11,3,20.520324275165763,116.90192644823024
11,4,26.724243790496427,127.28880496577216
11,5,29.692125114154457,232.38392799932564
11,6,26.895634412994102,228.667432217482
11,0,24.19191615380131,154.87820506212282
11,1,27.482609733740844,143.25597954722076
11,2,27.19174493610539,165.68977064731882
11,3,25.25739692645883,153.2192397162998
11,4,28.629144331138235,168.7528739497133
12,5,20.57809854386198,417.15770200083466
12,6,27.83462656954769,467.40490173429146
12,0,27.413025928622943,409.2899153854594
12,1,27.222976133647627,371.57783593547975
12,2,24.323339094525085,389.08620582802456
12,3,26.038098476659744,388.5901692932623
12,4,20.38017925058546,371.553838126741
12,5,28.64895718361404,458.91481439899815
12,6,26.21535312264985,462.9167880318034
12,0,24.24395855447141,386.641075511985
12,1,27.55968542159219,396.4271678643021
12,2,24.713603512554624,458.5130188583887
12,3,22.11734020319787,425.5481556739178
12,4,28.637790827136914,412.0980461644197
12,5,23.0529045459914,460.5398051342633
12,6,26.454637883729724,428.01190611716345
12,0,25.84482207523539,407.40860591069634
12,1,22.461609099980947,399.8490542251088
12,2,24.951501208803712,368.5500621755986
12,3,20.905389090998323,356.34164674111923
12,4,28.50105871744987,427.4243847940419
12,5,24.924477720175283,438.9875229915917
12,6,26.055642539068646,473.7068571106087
12,0,22.486131989685383,384.2556998617055
12,1,21.425095063314483,383.8807868207744
12,2,27.12548814701692,402.02703239118745
12,3,23.29458011356606,365.30946963316376
12,4,24.080990641433463,352.86358343418897
12,5,21.901302176184,454.66391013350864
12,6,25.69545095943856,469.8328940567202
12,0,24.016037771226163,377.808453047176
12,1,29.944072986433092,441.0069624746808
12,2,21.68765911156551,356.8133318845001
12,3,27.286003212187254,427.20553180624535
12,4,29.62111744075581,425.00761543229055
12,5,25.077328293831,459.26744807150186
12,6,27.39852591434961,474.7398235881826
12,0,20.650643710425356,345.9979754577232
12,1,24.95378041779389,375.95260878721865
12,2,29.16913778565235,421.282011387045
12,3,21.60519005931153,345.4142829889581
12,4,21.456253305955467,360.7494383690939
12,5,28.478733284413945,515.906008104317
12,6,23.96648985658103,455.2837224730571
12,0,29.435933599653204,402.8066967650541
12,1,22.341013739276725,387.45738796686646
12,2,25.45667379225477,390.9439895076309
12,3,21.561400187357737,378.34716451209954
12,4,29.56341383406515,436.8479808791578
12,5,27.11495093750138,465.8594149246916
12,6,23.641248137695253,430.4556330184896
12,0,27.08456832612273,422.669082288373
12,1,20.66309533891171,368.12783040835296
12,2,21.905998888470847,373.29749512920193
12,3,21.02991408196528,416.402080243752
12,4,28.90757868267024,412.64428606928
12,5,23.54811127357513,450.6400356367756
12,6,22.10670028999345,437.0403480147924
12,0,22.61603560197137,350.37451033455307
12,1,20.752444778976997,394.1665155190464
12,2,26.83391874718705,396.0732547374192
12,3,28.04162805391516,399.0190773064657
12,4,24.485465510707076,422.3617773171241
12,5,25.149041475361592,479.4393343191932
12,6,21.872169471283904,421.2629407014567
12,0,21.180690938034484,393.9597901703112
12,1,28.474490124604813,450.4251955238335
12,2,24.58615377583465,414.0171354361301
12,3,25.615920720268203,386.4198285606714
12,4,23.332222901426,398.51844649732107
12,5,26.242645331643693,457.5935374903977
12,6,29.00414092346692,467.7206119316489
12,0,29.091197890062844,446.0969857356717
12,1,21.055503387819485,358.3195833299525
12,2,21.74454410540232,394.786561701698
12,3,26.112215424533552,411.4170976474607
12,4,24.50968349474913,448.5233538206348
12,5,24.68178009958474,430.02418122581145
12,6,27.101358153445556,464.8900909387696
12,0,26.2811936720254,427.2025494778216
12,1,23.718763799804435,374.8700382266995
12,2,24.324426765212404,378.6760771494325
12,3,29.85266223577554,442.6301418495247
12,4,22.482839192388965,419.0464866202605
12,5,27.87369027085273,501.17303177863846
12,6,26.715226186273554,414.9715051702175
12,0,26.403779894379564,447.09790331886535
12,1,29.95838231642941,452.32933807299486
12,2,24.24097924578385,400.3607039136416
12,3,23.95720924469033,387.1316786757986
12,4,27.97424527824681,400.9276880945175
12,5,28.548938916523305,448.7192123737235
12,6,28.319186833597744,458.31071689929087
12,0,29.10528175827312,418.1227304829587
12,1,29.293618953853308,397.6492369486352
12,2,29.34255062001661,385.5964279414326
12,3,29.985753144753083,432.6717192315001
12,4,20.179791628589847,391.8964276206032
12,5,26.617912641824976,455.99750768924855
12,6,29.484740984292014,502.3365117782133
13,0,21.201376288348985,402.70957708948566
13,1,29.688784537096232,433.7643966756556
13,2,24.4928351811326,365.18520368083057
13,3,29.784198059406748,441.1122748116939
13,4,25.86801274358385,402.39786449198186
13,5,24.54011980258281,488.8853272018622
13,6,24.715521981567363,446.7646957700192
13,0,29.57248895832013,449.4491207797839
13,1,25.08865272653447,357.72623979184976
13,2,24.403594011416715,397.38212319801966
13,3,21.29937706176514,377.8542501063996
13,4,28.571772466302047,441.31750185785984
13,5,25.91961446857551,455.5495746425379
13,6,27.7240506378584,451.3673447909175
13,0,27.93804532001052,426.73227785247855
13,1,21.448248957953847,368.5159633257649
13,2,27.705234486096195,397.0204699198208
13,3,20.805094095567515,405.34973743124976
13,4,27.03794366407012,421.9345306114249
13,5,25.00005493447105,462.607827981573
13,6,21.725828052771263,436.58439915956455
13,0,20.792584311430836,377.5781286168958
13,1,27.81663490590884,403.5535801477836
13,2,25.06801675504786,387.9437085411656
13,3,25.79636585911199,393.9957254982304
13,4,29.970034032369263,422.1619204563521
13,5,25.706455679870515,474.169068006245
13,6,20.498260707535103,431.4918685509412
13,0,27.44185103822343,380.14644271613247
13,1,28.61272282781578,407.0458898082823
13,2,25.31915826411762,421.8722118824385
13,3,28.30808266966372,424.4567847097056
13,4,25.12031407564212,416.176547040405
13,5,26.200904608711348,481.8469336912564
13,6,20.33754940692432,440.1080524795733
13,0,26.11167353941317,398.95185131600937
13,1,21.63748379189624,390.5887303279057
13,2,27.673341485259837,394.0806579444443
13,3,21.851391237885345,375.9684234831482
13,4,24.656194919647337,413.3797837763485
13,5,25.852195674567955,495.8018051135938
13,6,24.262120409402627,458.0641965549859
13,0,29.07861482973992,423.5062386256165
13,1,24.119310483849883,417.4944408073279
13,2,28.220160005198093,433.6832469152197
13,3,21.08871701332771,350.8406530225729
13,4,23.51438775189188,401.1632917657824
13,5,29.77459416566049,481.8425849525879
13,6,20.0116979438584,418.546289691096
13,0,27.61877636529797,409.7167035554043
13,1,29.78661856249469,447.3361998723536
13,2,29.96043903683342,417.6085703742799
13,3,20.71217341209508,386.43556237501525
13,4,21.078826555852736,353.8489360788247
13,5,21.118647556298345,417.8559813561397
13,6,24.72652240978946,457.72567919369646
13,0,25.16601519605405,390.63300912463626
13,1,20.34933210130909,391.2540724445364
13,2,24.012362878830103,396.7097861267358
13,3,20.87576318221303,376.36431137620167
13,4,23.21913403088293,327.41928684780635
13,5,20.858807301164745,418.22351919500966
13,6,28.44992046353788,467.0528926928288
13,0,25.28592694603896,414.8946352028991
13,1,25.799828749159047,379.97722991191847
13,2,25.814664776353737,406.7193712200919
13,3,24.519392092389687,382.8589675078931
13,4,24.249954018819825,399.6500699277073
13,5,20.952601971061632,421.0010662843311
13,6,24.15290827590201,442.6957205102687
13,0,24.53572359803494,408.6480299754022
13,1,20.78913864919017,393.1661532126955
13,2,23.74443393624157,406.44523815173295
13,3,20.541553497191064,366.50140341413305
13,4,25.35214205973986,414.936045431078
13,5,24.87290594153451,419.5792364513994
13,6,20.733545608274675,463.5962150162526
13,0,23.54823564563631,400.9708403420496
13,1,27.041749449559035,397.1632859339925
13,2,25.588705712753814,416.0705030378753
13,3,21.70644684123699,368.1210032085076
13,4,23.60416973904475,381.6051801343174
13,5,21.038635978258576,406.01247027696894
13,6,24.549488993997706,471.0766722901169
13,0,27.291309401495973,408.1880331776238
13,1,28.99035470970629,427.01482099992
13,2,25.457084324223445,390.503504435917
13,3,24.752586915909383,409.87141951545766
13,4,24.249417878632865,354.42486738515345
13,5,21.5661088806633,423.4571870084486
13,6,21.33980298599617,409.84835795160615
13,0,23.80701981350175,395.5292421054671
13,1,28.34446101438109,439.04301848092825
13,2,25.4265928367791,407.9974760387648
13,3,22.43775132693529,357.6906861572027
13,4,24.9717330549429,397.49391766154383
13,5,20.388399872168645,398.0216422945231
13,6,24.809450878661877,494.4472544324288
13,0,28.52130998874401,429.9115155969786
13,1,21.69636042594594,389.7974778832692
14,2,24.929935922526766,152.80359705955937
14,3,23.03189172396614,137.696186950739
14,4,26.307163249386385,138.37807083330716
14,5,24.792095691922206,231.1612663685025
14,6,26.815624456054405,235.0431698784569
14,0,26.919691790700945,156.94598645668836
14,1,28.701986656696803,170.35760124595245
14,2,23.88586508204119,150.3336150884184
14,3,21.121014402312746,142.91430635864214
14,4,24.44353382797797,156.5056935956658
14,5,25.072299449936946,181.58575028203217
14,6,24.90089957116004,219.41282148030507
14,0,23.316646946848604,149.977457117203
14,1,27.22629617727893,115.7502177191644
14,2,24.698929246065624,141.40248364175233
14,3,25.144757971522864,115.6859620121387
14,4,27.81939005310175,183.98975975390812
14,5,22.327012194039536,183.08351224093423
14,6,24.6637321336606,235.16201219866903
14,0,23.441885587682624,119.0145351982448
14,1,29.362596952395634,151.3160888328364
14,2,20.17498981027694,146.84044562760303
14,3,29.687653397116385,171.79904668383818
14,4,21.118581501227013,125.34184256688393
14,5,28.30462953857941,200.14750746414043
14,6,24.747833553476443,210.7218047689097
14,0,23.75896600046531,134.598294583312
14,1,24.34634059380691,131.46322056263264
14,2,22.59854675274843,150.0150758391312
14,3,29.36584849265249,186.74229391043957
14,4,22.69758479302875,119.23710177111724
14,5,23.18457129601957,195.52566936463455
14,6,21.124703467214715,181.7287776589369
14,0,21.077328562712815,129.00730383711422
14,1,24.128357986992373,144.5113368787857
14,2,21.829236333662227,130.705244484603
14,3,27.867705334158305,176.4829288829728
14,4,23.2033723563505,142.87187838139542
14,5,26.382541983851365,193.051218409673
14,6,28.86783504881689,225.331164899866
14,0,22.176087466530756,102.67466288689953
14,1,21.88080441608825,116.35858318639885
14,2,25.878142348184564,142.07120440098
14,3,26.89432434744067,129.72384966541586
14,4,20.298344772198057,108.64518615418214
14,5,28.37329425519737,170.10621688444718
14,6,22.114266834312275,188.1528608292064
14,0,24.899205819161267,155.68847007150688
14,1,29.119727356412568,166.62665866940785
14,2,28.898143680502805,178.74128033632306
14,3,24.772280847210403,120.19624400581344
14,4,26.495999482397487,160.7616580184175
14,5,26.53629074039257,207.2335602224775
14,6,24.56707952779395,196.9886529774317
14,0,26.792697459382264,153.18335828627778
14,1,26.38941519238873,149.40572516910083
14,2,21.23167962614793,127.16173999471026
14,3,20.10926899508392,129.57266005936
14,4,26.357614026809948,148.39048187511176
14,5,20.65675287013041,160.4452938217914
14,6,22.01664005361385,178.6906618122344
14,0,28.753021544498324,158.64770541915158
14,1,27.20330043726879,182.67063093564255
14,2,27.358277813874693,178.97522813212072
14,3,21.29490347145407,147.885603373629
14,4,20.531190854234037,129.59004619784778
14,5,29.859380496245585,237.01043684805205
14,6,24.641440352611205,177.60116962099653
14,0,20.59662722841034,107.80534650179176
14,1,29.450741490540608,173.61852948009772
14,2,27.635915639823697,141.83714351590177
14,3,27.6790533335082,148.99154587543728
14,4,22.040814929473004,111.1572849212991
14,5,28.801607533554403,206.7761611499475
14,6,27.801129208261653,209.18874473802947
14,0,22.347936515106653,123.2566744995369
14,1,21.15075791361566,123.3848688811898
14,2,24.79156569672918,124.12153195545984
14,3,24.235337641105087,145.03166405947525
14,4,25.058719390457306,150.55106223059798
14,5,29.230684237115543,227.2392437170936
14,6,21.199904812053468,159.06731863080535
14,0,20.25673614609756,99.36908672383063
14,1,23.53079417592961,143.73973538276783
14,2,20.43874836278791,106.62795285583356
14,3,27.91309079677656,194.2972262913486
14,4,23.11694301895332,114.18746826313138
14,5,20.64717726720667,179.12363157158543
14,6,21.182825461361837,145.1859766621335
14,0,24.591944680196452,149.51250781681497
14,1,24.55206688634474,132.34287783765183
14,2,22.22907728199252,129.14642012974997
14,3,26.980476604595207,161.14541973661
14,4,29.30209337406779,132.4992094305571
14,5,26.55579002695865,168.31719335847075
14,6,21.78753555823451,168.97076892032857
14,0,23.353638923976664,129.5320345802711
14,1,29.33413793435046,141.48711662229923
14,2,27.883559993047182,175.9084992897399
14,3,21.6637292624575,173.3714237050272
15,4,29.69373365975747,223.3534901646308
15,5,25.593065260243865,200.5283709044283
15,6,28.075655784851243,228.34339527933608
15,0,29.20524098023437,178.10810791154665
15,1,26.08384879598037,124.82511947370446
15,2,27.698430312009062,156.42982904261254
15,3,26.58994594907015,126.87071551196024
15,4,24.80563188581509,137.9025235421296
15,5,29.110734091301747,268.24825460224883
15,6,22.508452673698237,183.99236986126024
15,0,20.39710063805253,127.05060392218
15,1,29.529688414941795,185.55982581991816
15,2,23.076997959629992,128.47401165814634
15,3,29.268963086425288,133.92021900748205
15,4,28.79042733042925,189.06257569728064
15,5,28.26788728470429,219.41658503340344
15,6,22.31495169807527,165.59362586447315
15,0,20.40080861987138,146.6216368066543
15,1,26.285587683779248,158.85777775149018
15,2,29.390236886557243,208.87090756902904
15,3,25.45470899832296,150.83291325967178
15,4,27.06377560165893,151.43254759341272
15,5,25.538925193336205,222.44952154326415
15,6,24.570423677571576,190.41731175631875
15,0,28.82481312532974,168.38836622452516
15,1,20.48921409800658,132.54860176828166
15,2,20.24440092126248,50.0
15,3,27.58262059839596,153.01722038127633
15,4,23.94997318129189,119.53453567864392
15,5,25.714242790221032,184.90267045809983
15,6,29.100532376242164,199.69575387724043
15,0,20.322662805670934,105.23020165384158
15,1,20.770106559900206,143.016919330547
15,2,21.516656640185914,127.66172114105407
15,3,29.663419701185543,153.06873631429892
15,4,29.85567336923805,152.60273133098582
15,5,21.456879451586275,177.556533951029
15,6,22.519255812988032,203.6821362298044
15,0,24.71232583080687,145.88966370052609
15,1,21.10412594806072,112.28455331794672
15,2,22.941579398128145,154.6701992397579
15,3,21.19614370062341,119.1349878894858
15,4,21.22447639324141,139.11991100843014
15,5,26.005490088047992,227.66399900234413
15,6,23.67414049372933,208.0404296845218
15,0,22.12019663328516,115.83397973683282
15,1,23.35416607231794,92.04779694614986
15,2,26.490458496137443,144.6765959882276
15,3,25.520370694385463,191.00747674188952
15,4,28.993825976059767,171.26640037292478
15,5,22.58279003112965,169.97903253932168
15,6,20.439104703777453,181.30156517812267
15,0,23.523886459922632,124.2846390235896
15,1,22.698344314793207,143.11729944851749
15,2,22.759948730958172,129.56980709821804
15,3,25.17777601499234,151.77019197282974
15,4,29.55230519529298,177.06366382377706
15,5,26.4423567747066,219.5672081178531
15,6,26.46673622614241,222.5913885955564
15,0,27.202148204676767,145.44400495555382
15,1,26.106184738709462,116.28277270926498
15,2,21.93918241697264,137.48557595055402
15,3,26.07313964593995,190.5549035380232
15,4,21.069432290895456,118.96952755612244
15,5,20.21992412099164,181.7878939694733
15,6,20.358458813176973,172.21360147779282
15,0,22.36957041462393,139.58272917338425
15,1,20.728375223306788,106.62833017248606
15,2,24.965799707657848,156.72940392985296
15,3,21.687071029030754,143.55929485054338
15,4,26.528133110883157,147.08234182059002
15,5,25.45851224463843,184.25595187802543
15,6,24.61519665145365,177.7977315411921
15,0,20.92699399978252,111.03600819336378
15,1,28.83097830773707,175.77835641603784
15,2,20.602348781448068,105.20805229079714
15,3,25.54859943839769,117.4613167972856
15,4,26.602726285723083,135.60273262139052
15,5,21.086056173909206,185.53418289725147
15,6,22.658247383659944,195.8764172050324
15,0,24.455431023083392,191.63483495189544
15,1,26.880310786395626,130.12344185981493
15,2,20.482825138484,83.81894577049175
15,3,24.94726262104477,137.1932456890649
15,4,29.57753549223624,199.11741917745104
15,5,28.764303426110992,236.0654818690174
15,6,24.824209878015147,192.96271198317797
15,0,24.457755765716307,160.07314466277188
15,1,27.264649691891144,155.10410610885594
15,2,20.530605154751814,102.12882632183924
15,3,24.67529029746519,153.79759558118738
15,4,26.1170825101309,169.81032395014816
15,5,20.365501641362147,179.355312836052
15,6,25.18383140363379,218.16468173418065
15,0,25.76681363261266,162.50900130298567
15,1,25.52726390891064,174.56279525047887
15,2,27.48970028495367,147.18334048634367
15,3,22.25058709886164,190.4855486269149
15,4,29.914182318558936,183.86787528606865
15,5,26.230732809104147,203.8211943225424
16,6,21.80303518217839,408.6411554279064
16,0,27.34969816292605,422.81419847966913
16,1,23.91721411871532,372.02828557184455
16,2,27.548786517253447,401.9936213180344
16,3,25.51538548568284,416.9761079241524
16,4,25.994437157641144,434.69446281253306
16,5,22.68964127825922,412.3738118948016
16,6,23.59529824351021,444.3972397727173
16,0,27.49787504442855,378.9816693140094
16,1,22.42551468168383,403.38970656152463
16,2,23.366899953347712,332.14033883509364
16,3,23.87841188690497,398.96560093447806
16,4,28.66914023588136,433.5730450134769
16,5,25.364379620405103,460.5515407564158
16,6,24.61447054289169,417.4284742137388
16,0,20.739414092709097,361.82325590612254
16,1,22.489465335579027,382.3425480374672
16,2,20.803354945700992,353.13283213831494
16,3,29.660560290961584,413.5321688777171
16,4,29.159455175723107,418.52494098128864
16,5,20.608497390407425,441.39988722092255
16,6,26.363330668625476,439.6771237881252
16,0,24.335338420688576,375.4688866676341
16,1,23.752868362399905,380.5671354269261
16,2,29.85683230939721,394.5659896274028
16,3,20.28619946403878,379.5095294284043
16,4,25.785195700711878,405.4104928817929
16,5,26.624338404929816,429.6632635511291
16,6,22.31001627220312,414.11271088906034
16,0,26.93920780908703,404.0646206029545
16,1,27.23314641713911,420.83605775087926
16,2,21.95459585097082,390.9253488041945
16,3,23.34228745827182,420.75300185963255
16,4,24.82018420536884,399.3306570596012
16,5,26.00657421977336,436.8769717960676
16,6,21.620205101113413,401.1403339668892
16,0,25.1368534319302,418.109678407069
16,1,23.333306361262263,393.59902331138926
16,2,24.53266637240162,394.55598214768696
16,3,27.04891510303773,436.5253211588492
16,4,22.09288102419293,379.5575488600258
16,5,29.12237808429913,466.6148854394237
16,6,28.7722898857054,495.0873492928011
16,0,23.75420940370477,430.8446052111251
16,1,29.95374105916169,417.6514907385765
16,2,24.409152651372303,375.98600013013055
16,3,20.454466630113146,401.91414162733497
16,4,21.454525820808808,342.1423566007486
16,5,22.215057725407693,422.96284475020434
16,6,29.309292590261887,457.9357470567625
16,0,25.47681981429361,411.8035169103946
16,1,23.79515932738734,374.1506770083291
16,2,23.819071790945657,385.2859330633909
16,3,22.20746661711941,398.4255620093172
16,4,28.420390326847333,418.6024275849289
16,5,20.244987473157547,415.7194601200253
16,6,23.458806025274527,417.92683607508735
16,0,28.124933842212776,391.5401661110174
16,1,23.807745577495464,395.64528666169474
16,2,25.525892224896975,413.6295314932012
16,3,26.116242540777403,383.1893844298151
16,4,26.04987628635517,460.615163366529
16,5,24.30049946888131,451.590370514147
16,6,28.4676776533981,428.3950197397599
16,0,27.633540855740307,391.2764144937048
16,1,28.79226082076851,400.12659234187953
16,2,27.90254426791772,399.0114575923337
16,3,21.65738347207108,389.39746499523216
16,4,26.853641051189538,418.9484595847268
16,5,23.99111621549239,481.98927646147416
16,6,24.97608403190085,487.41847981321
16,0,27.303286978729044,411.7358593289018
16,1,20.670065352326155,390.1482099599834
16,2,29.6784388130562,434.3359319917827
16,3,22.720720636497585,379.5995023674112
16,4,27.895827517495512,361.6726258896816
16,5,28.75540598487045,496.2573963348793
16,6,22.922980970010794,455.9274867676898
16,0,25.030313089417,338.468714660524
16,1,24.207060642293825,404.6285905593054
16,2,22.201494443297403,425.02813156846713
16,3,21.72042692934416,376.09448932175854
16,4,24.0672936050148,368.6479252517339
16,5,21.94215155636568,424.5797140406634
16,6,29.39269768516665,481.85531594189786
16,0,23.24302780144881,428.5214790781192
16,1,23.35536599293448,407.0223437650224
16,2,25.244704714144152,345.6684887443075
16,3,21.066417314277693,381.54164591652767
16,4,25.01691279162505,400.5431847232603
16,5,29.682005595280835,482.73339702784097
16,6,26.25620733307388,480.4183624414641
16,0,29.61328729127335,408.1310155953754
16,1,29.9036735486296,411.2899185073253
16,2,27.69304452627468,393.0145269006985
16,3,23.28110844273004,337.54681897557384
16,4,24.412796518815195,445.4405185475971
16,5,26.787409214278384,448.6581013545202
16,6,23.805056466667907,456.9896771632859
16,0,24.48243812620608,398.02282227819353
17,1,27.206349002455347,367.9096320293255
17,2,25.157129587387452,396.5949530923322
17,3,24.72015682427815,359.82001484069866
17,4,21.95238300583518,392.6179868850064
17,5,25.885405476125182,408.729749500368
17,6,23.31922441469375,437.98992320364505
17,0,20.98361467184042,385.1902159467701
17,1,28.62533457901803,404.427081963784
17,2,21.05773654313295,375.7823086320666
17,3,20.25029343478812,389.61028174817136
17,4,29.988696790602454,410.3020025792365
17,5,21.02609424944969,430.20404739839375
17,6,20.74580365635935,393.0806242136747
17,0,29.27601468821326,396.6193785884453
17,1,21.57951667752368,364.8149940589121
17,2,27.56818328515444,390.2076301134741
17,3,26.56849265463592,407.3446295216958
17,4,25.397296174069822,437.4214957862315
17,5,20.86926938809089,410.9410877439156
17,6,22.257092380007244,450.5690930291783
17,0,23.75408011438861,376.6676982339961
17,1,23.218934482716875,418.31216187487263
17,2,25.673843481364063,369.0271178408767
17,3,22.166778326930054,406.9292769310999
17,4,24.065177601421627,408.7983121620646
17,5,28.699492108858344,480.340755797584
17,6,20.707509620395964,419.3283878235968
17,0,23.9398396646282,389.3441798550025
17,1,22.15819190015395,381.04712848045847
17,2,27.00131750569917,374.6298359832623
17,3,22.41926326919748,371.7550866281904
17,4,27.47178898055864,375.8935425757539
17,5,25.230518798968617,464.4427729922974
17,6,21.259375637837262,459.3712727140803
17,0,24.78421340172831,394.3127741709079
17,1,29.53470348836934,395.35404628643386
17,2,24.030418905669507,430.462801399274
17,3,27.13404359817875,439.2907595730012
17,4,21.52704544461744,353.5094608188846
17,5,23.268454692880557,450.5127127960787
17,6,28.264905638676595,460.9186951383152
17,0,26.03051523861924,368.1666970393115
17,1,29.1593509760808,424.9509399127485
17,2,24.71754174714837,335.773616465539
17,3,22.36436380742237,335.7647860781963
17,4,27.23848173223859,437.963955254537
17,5,21.474708830622,469.1774617113725
17,6,24.477368715903296,464.26573028480783
17,0,21.503421760282645,379.6299585758715
17,1,21.90332154171814,363.7290879523191
17,2,25.273681037936196,401.2208314941848
17,3,25.615307817146764,444.0349362026533
17,4,26.45404239436721,399.5365441974755
17,5,21.059319655395264,410.0188689144802
17,6,22.27103389609988,422.903254822787
17,0,26.16287300522622,406.91527705619376
17,1,22.481996435659887,383.3809577167731
17,2,24.692440241964437,398.6360984671625
17,3,24.58892281906821,391.7909116732087
17,4,20.892996629740168,413.4294926365312
17,5,23.7505514378274,415.43042805018655
17,6,25.94417208813104,464.3747490803492
17,0,20.02547114814885,395.2881868753004
17,1,26.040838841490405,379.9806461456278
17,2,24.042779523607912,377.9391176967338
17,3,23.01728195686666,369.75202510346975
17,4,23.529656457298344,412.811591210828
17,5,21.36080183485675,471.0592646243906
17,6,29.84340990665773,481.5035895672125
17,0,21.537315593701795,386.8810003259292
17,1,21.282705005245653,355.0771383026769
17,2,22.64967988140436,394.7093212758955
17,3,23.6071633779726,422.6418630822254
17,4,23.996718733744185,403.95064645822896
17,5,22.7340411588168,459.8197237030197
17,6,21.5212450114328,422.2891718170743
17,0,24.328202321782054,419.1294778342557
17,1,25.11018966695386,379.38275641571175
17,2,24.697992456913717,398.5397417926464
17,3,24.651547919071977,406.69335715479
17,4,25.770975035640493,431.9711950099856
17,5,24.214067985635083,419.91753422147855
17,6,20.97526408937775,408.7494410100184
17,0,27.66448167257773,408.5252614531146
17,1,29.12233087746324,406.5047448604282
17,2,20.30586740111136,373.7976220301679
17,3,28.55436471676078,384.6412649411146
17,4,25.808129282229917,398.8690963362816
17,5,21.24485014371707,448.6767947682002
17,6,24.849151783985512,454.5043491867675
17,0,21.583475749289057,388.41098614428296
17,1,29.83877504692689,438.3674883468991
17,2,25.457179762500093,395.4588065878443
17,3,26.35823963512736,404.5671278849202
17,4,22.916019228914383,401.4865986710348
17,5,29.04026090192629,458.21243223397386
17,6,22.39048562253498,424.21076195083896
17,0,27.118397142634382,405.7918799179778
17,1,20.944920990399,378.5395394156452
17,2,20.62024923569812,351.3244809853056
18,3,24.897775529622088,416.6242015361253
18,4,27.28501571130827,411.6105953539154
18,5,29.710376984366704,474.5600221466943
18,6,23.330714317752975,439.9144684516734
18,0,21.007775198706018,381.25080792455816
18,1,20.36955195063996,384.31691139646966
18,2,28.26080481712529,404.5095905841666
18,3,24.17855601809866,415.031692677702
18,4,21.84825801328048,387.6015633082685
18,5,20.682420940218535,451.7345290173707
18,6,25.75606788541276,455.84342329507126
18,0,22.67129276333497,417.0838773432717
18,1,28.14597075778448,418.9723150139126
18,2,27.71299931218947,429.8575789027057
18,3,20.554196316548108,376.45351909927456
18,4,28.2369339496214,422.7376731230274
18,5,20.921712457882688,434.5183038532789
18,6,23.64954106921494,404.17904178131135
18,0,28.81715981013468,432.36544866165184
18,1,20.51885381427886,369.3676580900012
18,2,22.671555988869283,365.9560669899919
18,3,26.99349650123036,363.00682101778335
18,4,21.18056202891164,388.2411209384051
18,5,26.75087637050672,478.8330638508813
18,6,26.00949679152769,476.5213544783557
18,0,22.77995346218237,354.1999686557973
18,1,26.3291116665083,440.2829356837583
18,2,26.60468761780061,399.1831431681409
18,3,26.32772777981041,389.56797616121264
18,4,29.114090123925955,409.89643968144657
18,5,29.796077175835634,476.2910357498065
18,6,28.52440705693488,461.477698100617
18,0,25.798893910212897,370.2175214927241
18,1,22.591684869719053,396.0966807105091
18,2,25.900739662659547,390.74570777187273
18,3,29.84601287792464,421.6040947521283
18,4,23.00124762168731,384.6589075034754
18,5,28.13775435585415,488.1424248994954
18,6,22.18746191212261,406.1200429129095
18,0,25.47111400313955,394.22451894099856
18,1,25.537669237530316,423.77006369807896
18,2,22.433503577400344,381.8545866992836
18,3,28.204591267769523,421.6333466128455
18,4,25.831132086300684,447.8519775007911
18,5,29.73943875916441,470.2319774292641
18,6,21.3935202968531,416.7885479482591
18,0,21.369913543771663,369.3300062403692
18,1,21.19173731813303,388.6235649456601
18,2,29.831444606045597,454.41038559193714
18,3,24.96479530176609,443.9596562212841
18,4,29.33901619707933,445.3021378301518
18,5,25.997802504622054,500.7722415474691
18,6,26.27826322468767,471.1783152750563
18,0,23.224350360536608,419.1703782306042
18,1,29.69406516388128,431.4779195283424
18,2,27.292635030934825,385.4095088688963
18,3,21.293837998900425,384.0485955391313
18,4,20.87950230450736,376.4653842504918
18,5,24.50216077007822,450.5355521848526
18,6,21.314314558330366,412.63068354703967
18,0,23.957867536533648,396.72794243913177
18,1,26.21024742491537,398.7643136616381
18,2,28.283982763580447,435.78768175492576
18,3,21.428330279799923,379.37640526469113
18,4,26.59923134291724,383.50165348159226
18,5,27.308943069026448,446.8000210834763
18,6,20.05117199389331,460.6855789789295
18,0,25.0257984313645,384.99916806793067
18,1,22.599108676757385,391.6385106523195
18,2,20.948040730006525,393.6233156460696
18,3,29.09653820732154,429.1129019724427
18,4,21.26369842132022,350.4268079665489
18,5,24.700452427050635,415.7857699089606
18,6,20.99769150860256,416.4278975694706
18,0,22.769537837631773,399.4218493601613
18,1,23.47528752528124,409.0930711678016
18,2,26.386448636899,423.1074569692174
18,3,29.679505470403992,403.2297528277379
18,4,29.49683958108423,464.00999916087727
18,5,29.911871578605,475.9116453098172
18,6,28.124880380213995,443.62211563539967
18,0,27.33803275589337,416.205373243514
18,1,29.39517254613384,432.1533363355898
18,2,27.92811026671272,412.8076094675912
18,3,28.229330683323766,426.6718760956687
18,4,27.68267967739823,418.1589366680021
18,5,23.34028629360888,433.344796984834
18,6,26.3423511971251,439.5326812047416
18,0,28.788720102421934,417.407149861149
18,1,29.663416178538093,403.3989481456555
18,2,26.55822589254708,434.0261156523704
18,3,28.06063500707362,398.6414248485018
18,4,27.858006493033603,391.145090513273
18,5,29.58765578050936,474.9684538885115
18,6,27.125947544880677,477.2969340660715
18,0,29.642221616707623,389.59336454184034
18,1,28.94559476405165,416.2365987727844
18,2,22.3386550620998,359.6631625948202
18,3,26.466451275682424,417.0185053785986
18,4,26.797613288237542,407.54894655775166
19,5,22.728278701053643,212.0054751553366
19,6,25.145827602525426,186.14797369696697
19,0,27.72497021921496,164.3732292811467
19,1,25.49722903621543,111.05896545813052
19,2,21.647785493514576,150.89308675161317
19,3,27.122687104191627,157.26061839100518
19,4,21.67535396727157,170.76198520513637
19,5,21.359048319327943,167.1844390954137
19,6,26.53895145093408,223.9439859308957
19,0,28.50295888007668,166.56049054049927
19,1,23.69614188724179,167.14765148187468
19,2,29.69651178946431,150.9456388031254
19,3,23.018981389777423,144.61272250077553
19,4,23.09409361363042,168.5330739544905
19,5,24.281887835414995,219.4122084979984
19,6,21.17700627056961,196.74601210823653
19,0,21.430649501712253,116.8821827959887
19,1,28.70102361267883,155.51837263989648
19,2,26.88303355138278,144.11197406269264
19,3,21.955563739767737,185.78561397726708
19,4,22.3254149870298,158.996325200643
19,5,23.32543080449046,158.53256153450437
19,6,25.90026495862182,209.62333727184884
19,0,21.2629902896444,111.95965259923445
19,1,26.010038126505457,153.92232601481768
19,2,21.54739727231882,153.08502412310702
19,3,27.56729211451661,171.90467217249795
19,4,24.541219067279552,151.45518929985522
19,5,28.57937078314997,220.4945423424747
19,6,22.9055321380003,187.9553773912789
19,0,20.70354042342909,140.43255776596558
19,1,21.672568165445213,122.06587185507476
19,2,20.472504443425294,121.97565533353738
19,3,24.8077579740811,146.4606560584423
19,4,29.85470901308666,163.9076778318057
19,5,24.110648399040883,176.2924722997083
19,6,23.87868863193667,192.3717788461289
19,0,29.46908005100937,144.4664603536373
19,1,27.87596005504212,206.6925565847025
19,2,26.206171903983023,139.33647497477293
19,3,20.72325067663404,108.63798960214562
19,4,27.540184553974346,151.2627632816114
19,5,23.71585209829476,185.28522194916025
19,6,27.808956429253605,263.67173118896415
19,0,29.423123862532268,138.57783999643232
19,1,23.20392840854141,160.23074508216916
19,2,29.346123646893872,198.22777763936665
19,3,26.346864242583283,145.3133763833144
19,4,27.17583880932372,171.8917028669734
19,5,28.375615481278476,235.66685119665436
19,6,23.168439994937597,154.3145585809895
19,0,21.41982632440421,171.17550960422992
19,1,25.98029647029496,165.73851359910535
19,2,25.37168508769638,170.7181944266606
19,3,21.09948982957127,129.2581323705019
19,4,27.43657503981316,160.97586375110964
19,5,28.605745582302777,216.77760162030893
19,6,29.253279488835148,223.4691536266656
19,0,28.167460256210845,175.45650696180655
19,1,22.96021532192129,149.7709323835045
19,2,23.8368928760946,122.80889476357838
19,3,25.59115463232803,134.61763517243406
19,4,26.683671548034106,139.50700280642033
19,5,29.6117433591336,275.052828899965
19,6,21.84223440343235,183.8752209924617
19,0,26.479862480733424,137.59413171961913
19,1,26.3314540550395,159.94901137048893
19,2,24.597798758892743,178.68873797863412
19,3,23.314616203305015,155.34376495806043
19,4,20.920201507027464,157.2782499347309
19,5,28.734279046347687,251.6200987732502
19,6,23.847074821620136,190.4273152269208
19,0,23.50737255165828,120.11032312716644
19,1,24.84586109130314,163.53779505997215
19,2,26.33544280728421,186.25496874929595
19,3,23.70224682354031,149.2669538342102
19,4,24.97285071384986,165.53308475360018
19,5,24.58712869504069,200.52750921830727
19,6,25.723547208906638,208.6109268158711
19,0,25.76108440537224,135.15756530213724
19,1,23.66623381427965,148.4181581887822
19,2,23.150057013596047,149.02361713465908
19,3,21.24125367668541,125.02467610631662
19,4,25.862935137866724,167.3581546296299
19,5,24.34771843336273,191.49755387392497
19,6,29.509438756431717,230.7800198820431
19,0,23.26006685060578,170.69011336191738
19,1,22.133933728473902,123.66559159142044
19,2,25.664040318285156,174.90235125915487
19,3,23.545221345506604,129.92140778928228
19,4,20.65563469488088,158.33099663162034
19,5,20.823893720870988,156.48522283134417
19,6,27.17752773454093,215.85456169660415
19,0,23.797517486506848,131.59051233920425
19,1,25.778948449935584,169.83729375713952
19,2,23.49087172812297,175.2392539697783
19,3,29.12282012559225,192.2014424883056
19,4,28.410726435603312,157.178666040267
19,5,20.2600828311877,201.08379123071907
19,6,21.49905830133648,188.47033318208983
20,0,29.584679233705216,168.25643210410448
20,1,24.58219626052569,137.59913676378426
20,2,25.013065143528213,104.81749253199126
20,3,20.418061083133825,117.77971354726608
20,4,20.287704562478563,127.51319828238982
20,5,20.568371659082796,174.18183731087188
20,6,26.16077263027257,229.35945036351552
20,0,25.64467192306143,145.65651402235372
20,1,20.62606929562467,108.579089265845
20,2,26.944221589009,154.70752199825006
20,3,28.64223881930665,150.66676728061472
20,4,22.04667662869604,148.62718034432362
20,5,25.472382970354197,215.1772457740407
20,6,29.046530634574804,206.2728480333702
20,0,28.88817551917476,166.44647881992367
20,1,20.38844853310584,197.87905041795267
20,2,22.26643167806028,108.76875091178822
20,3,22.82104134060704,139.34520508585857
20,4,29.87393235969872,149.40847331067522
20,5,20.02674271996835,146.7197551528295
20,6,20.852419806533558,179.59409247948287
20,0,29.083253126493737,167.54854480228568
20,1,27.53396547546724,193.4788359240101
20,2,20.430599144149262,139.43787651638775
20,3,22.8489535542054,102.82310277441242
20,4,22.06052672587189,160.89755628546942
20,5,26.79122256773983,186.12479375350705
20,6,21.71356136867264,201.1735835862966
20,0,25.99200755500803,161.49094956450247
20,1,21.397263605069966,108.90069805942284
20,2,21.986650624076272,138.9713798249366
20,3,29.62651443467548,188.3942714070712
20,4,22.325617903354217,119.2916390185345
20,5,27.651285335462504,210.37448102103585
20,6,29.412765954363287,216.2517615006149
20,0,27.21125411470198,134.16958623335688
20,1,20.821964325640025,145.86294729056226
20,2,20.03550460249347,123.91889395212898
20,3,22.184777562642537,113.7090754363204
20,4,23.582508165036437,124.38253256231653
20,5,22.22034747907874,187.90466495854903
20,6,21.112285452146576,176.34493175237162
20,0,20.667499660147747,142.7069094662456
20,1,23.93115407885434,139.30642416292085
20,2,22.984826756774805,152.80065579132037
20,3,25.54999216305271,161.90544641608045
20,4,21.076462314390845,131.40584498533417
20,5,24.096193405775256,182.63868588430103
20,6,20.56773313252242,195.95010178238675
20,0,29.58757406816905,132.17547076606397
20,1,29.224754006389688,175.22903958836022
20,2,28.79461344197432,187.824949244419
20,3,28.84601631607025,210.88699349984648
20,4,24.247159361629716,161.80987455135684
20,5,27.13458335157427,191.8579836925637
20,6,23.2887861026122,200.64934762967715
20,0,22.726389908887835,137.18073234906572
20,1,20.61004690479712,155.24745161232894
20,2,29.879997066309656,234.53369671984075
20,3,29.59431241678262,142.938005611573
20,4,21.49324834788608,156.19529705490427
20,5,28.448324787687117,202.34077496877052
20,6,24.493504443521186,210.64830645649863
20,0,24.04783577457888,141.1707988762137
20,1,24.74967876869941,167.5109564049982
20,2,21.89280447485417,174.33330198383746
20,3,21.95361356592405,114.47360526561022
20,4,21.66553535356302,155.11428200111152
20,5,25.459566092169634,184.10182291367232
20,6,24.11632132807746,212.49394201492055
20,0,23.459365097951824,150.5188995611757
20,1,26.8507711019538,174.30550431248983
20,2,22.63014499142218,145.7786681271855
20,3,25.369275839487397,153.10758884522903
20,4,26.81947490742589,174.76581217013572
20,5,26.0181162913362,210.4259169819742
20,6,22.60012349871284,206.7891093340396
20,0,24.117605425892226,134.62495545637455
20,1,27.391519218159047,172.52282599667328
20,2,23.61082707705055,150.3827763216223
20,3,24.37325534466993,141.484760453554
20,4,21.06444569225436,99.84110449222057
20,5,25.20039644132396,207.8930985525737
20,6,27.376425537065792,201.8717711432199
20,0,25.3323286008544,147.9699349316403
20,1,24.509411262747605,170.584540920543
20,2,26.59421516235765,149.7492469360459
20,3,24.591527503295254,203.98898653093764
20,4,27.289922467021483,156.4278822359772
20,5,22.89437857698667,196.14598008037703
20,6,28.228853649998825,209.31897364411344
20,0,22.48020620434644,108.96731304200192
20,1,24.470868848107347,133.39101611555145
20,2,22.08055914142403,126.85378964456991
20,3,29.32470023974317,196.11624530894213
20,4,29.055262366067492,194.9888486902367
20,5,24.96979498943285,195.73532560700585
20,6,25.20108190313615,222.5199189834133
20,0,26.05257501040005,127.54159231805654
20,1,24.968614613702343,140.11352392566246
21,2,24.434614302684864,168.32734697133557
21,3,23.933229685850648,136.4317105821756
21,4,27.94779902901293,155.3812870138684
21,5,21.06697187014212,194.8970199286273
21,6,25.80259471104394,152.83314033461002
21,0,23.168666367427605,126.85194896360916
21,1,20.889367348015774,108.17120547751938
21,2,26.42593137031684,138.08546826044403
21,3,23.612884181668605,135.6235576226936
21,4,21.6786277398832,137.12498343339405
21,5,24.49720256963837,191.3408562695145
21,6,28.399101381924407,218.9394688901347
21,0,27.70368301854624,149.14380879887108
21,1,26.443233321306927,170.2438145875281
21,2,21.42228305474974,139.31152774307196
21,3,23.272045054942488,169.31147865590313
21,4,28.85728866885113,132.84115921534976
21,5,23.80726173635519,180.89477886745328
21,6,27.12651554184053,172.70518735113131
21,0,24.656606901482878,135.57554279295115
21,1,26.068496674267745,190.7438508129413
21,2,25.0934130951292,174.2914173274238
21,3,26.85032786274301,181.10647772709515
21,4,20.39151746909632,112.12408077157204
21,5,21.82963401459337,218.5405341805505
21,6,26.79675774729637,216.46765191034396
21,0,23.074785264951103,164.06716790814778
21,1,26.8721322015319,159.0080759093505
21,2,27.85372989938955,176.3794770437391
21,3,26.183110339851677,183.10993794590456
21,4,21.040237427383325,78.82272817091017
21,5,21.16672498142742,201.14347896302127
21,6,26.8184185803604,249.72946200415225
21,0,25.06659319588414,137.34357875529963
21,1,29.74189496382964,130.16471897602395
21,2,28.2493166739682,160.48285845907202
21,3,26.54986596636192,194.76058125589495
21,4,27.097182257713744,189.7149263952421
21,5,20.215261905376863,167.4005054241684
21,6,22.61951180082732,220.9193794918074
21,0,21.727465636230814,147.42315140207566
21,1,25.12057180654756,128.43997511629374
21,2,29.396122744337355,171.4260645891663
21,3,22.471397424882824,126.76775384338858
21,4,26.81801581382308,135.22657927879192
21,5,29.184890020591126,224.26506409686192
21,6,25.241926532964417,187.67873961881023
21,0,22.35597414729117,109.73195664633272
21,1,22.73460894641365,110.70938697573112
21,2,25.039409563813017,153.94011299502404
21,3,28.95867125631116,160.27099775716013
21,4,24.22515372633148,142.75280578720128
21,5,28.983044503872527,264.0528222299595
21,6,27.20531744530126,208.4771400511136
21,0,25.634898018144437,117.91073797793868
21,1,27.08862237807507,170.1863600013548
21,2,29.227329029348734,172.5366505715496
21,3,25.104982637079743,128.93848048960996
21,4,29.504840100102538,195.24511593434295
21,5,23.216883447903196,203.6145327307252
21,6,28.63665060610874,229.72081350631427
21,0,26.677502218266845,170.63314383674216
21,1,23.814578733176216,153.2181519910641
21,2,29.17897047353142,198.0543568648112
21,3,26.32542353896821,158.22005864504592
21,4,27.831542119918996,149.54114380449107
21,5,28.682919031732794,238.65243991643396
21,6,28.96013932072042,211.51827449187465
21,0,21.67210427694812,133.6144546362899
21,1,26.52160047226289,125.15351282934712
21,2,28.44897355512544,196.48594160108615
21,3,22.4089871816844,138.274030286237
21,4,22.50922194110862,95.7608751847716
21,5,23.023157911005008,180.5941491173028
21,6,21.931239296056937,233.42798919395665
21,0,22.93558146321272,165.45841762258664
21,1,21.77181003643948,155.80630217184483
21,2,20.19981628354463,117.16230821571116
21,3,22.85845686922256,158.90005016495445
21,4,27.261927061599536,186.41542351940316
21,5,29.135323614858684,207.1405083156088
21,6,21.29598199972778,199.88759117627177
21,0,25.350757838666297,149.75601949776683
21,1,21.477196255934757,134.44426454487942
21,2,21.30864181339112,102.0333019699658
21,3,24.8802375007094,149.28506108677536
21,4,23.57634562041907,146.79554876844614
21,5,24.638616168950858,197.0411638982068
21,6,28.037479692983865,193.33551471946743
21,0,21.64270766582591,129.7675477168008
21,1,28.990291397555005,140.7139024729664
21,2,22.91941902832748,155.41056994707318
21,3,22.615051305785386,132.53965690902845
21,4,22.73567458019538,195.79967861003
21,5,25.076627190835264,203.8314003192825
21,6,29.94079628757072,209.89924887273364
21,0,22.574752993940947,145.0214541788164
21,1,29.50616647277662,165.1715096217523
21,2,24.87512032807671,164.08731375238276
21,3,27.157941265798364,162.86602686087107
22,4,25.408560622687077,139.1975279905615
22,5,24.724578408031395,174.91145316601666
22,6,25.849330677472743,183.07291158953043
22,0,23.47009032154358,128.32449220596428
22,1,27.87349439196366,167.1295758891586
22,2,21.71378018213271,134.9360299004302
22,3,22.076489543851835,119.1948445445079
22,4,24.170115489292076,159.4459864088101
22,5,22.61993997159626,160.859906532131
22,6,27.40526682245581,205.16850321860628
22,0,22.96785627216101,163.92976946305106
22,1,21.61004873177748,143.2262366735486
22,2,21.655835928812294,160.3214601690532
22,3,21.94829697814321,139.77011407626293
22,4,29.07632943319561,168.20735745264605
22,5,24.942966736919573,199.3241865157736
22,6,23.11619204579333,198.36498793934783
22,0,24.3300668857482,104.43007609748264
22,1,24.259291898417462,173.96146557591055
22,2,23.3112125537922,132.36718385963107
22,3,25.458084265502382,154.0611128379053
22,4,25.72422857470631,137.55529876065066
22,5,23.360845499383792,165.5515392100838
22,6,25.845769016327587,218.48520435601657
22,0,26.625385758830063,155.48645005579323
22,1,28.7420117303382,148.4830678314471
22,2,28.524614754429777,145.0118843101618
22,3,21.02125672832588,140.91854103637155
22,4,25.65934863551309,133.05299803668785
22,5,26.468302848105,218.07247965215933
22,6,29.40512170782565,206.07919620373005
22,0,23.62683165594793,166.9695727360751
22,1,25.832199198661435,143.84629867573435
22,2,27.53424527115314,160.18666780605983
22,3,24.50176156817893,128.88509618027916
22,4,24.070778213458688,157.26251096554356
22,5,27.90950873083096,215.3759042107577
22,6,23.1635258457418,183.53457695977383
22,0,29.711384075362144,196.31353246823613
22,1,24.82163978270541,126.80153708321652
22,2,29.64144239370623,162.13874459578278
22,3,25.95448296574916,157.15321754115269
22,4,21.7578481576376,173.0253769707288
22,5,21.77737145705835,140.9275602648036
22,6,24.544531261910198,210.85700832759065
22,0,25.92355346221729,145.82108997227778
22,1,28.10659399005777,183.9108815831493
22,2,23.520248728469483,145.40705455875542
22,3,28.773368474093324,193.59846873928493
22,4,20.19458796220202,149.83691411792813
22,5,22.929487465060937,193.84485977380217
22,6,20.176888679300472,167.29613367751836
22,0,20.58504382280869,144.59663370979212
22,1,23.718081871714944,136.7581399758797
22,2,28.624458085119883,140.54161357062657
22,3,23.416112243460503,124.50810173943412
22,4,20.11129388072559,144.98921456188197
22,5,29.622602826669905,225.96722650046007
22,6,21.37827731467149,223.85440976704007
22,0,24.186033482068005,92.42894881767984
22,1,20.883155447038515,153.85967098624414
22,2,22.371390233365567,119.1017151932068
22,3,21.6996644564072,121.86036867709764
22,4,20.542317192227586,134.5700478159381
22,5,29.90875846033171,221.4571890625401
22,6,23.89484122075344,213.7318781727676
22,0,29.147731068972647,130.39710919705715
22,1,20.606292587484937,121.49245985018035
22,2,25.26167715350363,119.80598600115846
22,3,29.43320413174765,191.42834989002333
22,4,24.36095171095113,139.9358991679912
22,5,27.67816209784965,206.9816288178935
22,6,26.99122788094367,204.61908368901936
22,0,29.094231789118997,169.3873803079843
22,1,25.37331135852992,152.24783796597606
22,2,21.909997922952105,138.66401123348294
22,3,24.965777140765447,165.36393580010082
22,4,24.12319333442162,137.63788553493265
22,5,28.0411644736815,214.6539199258983
22,6,23.222282459911384,204.65727946078192
22,0,24.028521170191112,171.1633773175695
22,1,29.38475111394876,182.62205275473104
22,2,28.70185933606991,156.58207015366887
22,3,25.06047370828473,128.22792638188164
22,4,26.12745837872543,182.60586454400783
22,5,24.93520121668654,218.99682567667375
22,6,22.969334864952945,224.72831296002943
22,0,22.121604105687567,129.81992318230715
22,1,23.08550308682699,124.76734532500195
22,2,29.17855891934355,168.91734519264978
22,3,24.765332111070656,152.39181578432164
22,4,21.120102791593983,126.31634073750556
22,5,26.62462012590597,207.3051744351317
22,6,22.267975899871487,208.4093417892418
22,0,27.589686820282072,126.73835708331336
22,1,27.6880828296929,166.03912847256203
22,2,24.0335880777941,147.40471747149778
22,3,24.79719639987158,159.74947455805355
22,4,25.401570712802112,141.6102976498739
22,5,22.362736480330337,188.86771993274897
23,6,21.63820291363485,156.3933996372051
23,0,28.10358355106825,148.50920065616134
23,1,25.898031546538057,138.30547268746136
23,2,21.08757543142525,116.7885297687177
23,3,22.111749651883542,146.09192993536607
23,4,27.2860370778522,183.9371477166088
23,5,27.32270671116744,200.20009433913856
23,6,25.8382980088817,201.8750546516976
23,0,25.43723334589765,163.20772853588028
23,1,29.133359547399245,154.9270749747889
23,2,22.230626327240024,160.97770356658202
23,3,25.62115090598308,136.1201044614221
23,4,26.39933702682057,200.29446351055097
23,5,27.43159740445211,210.97358030635084
23,6,29.652193039474994,200.61421059455776
23,0,27.07887182151163,137.8555848505473
23,1,24.436062230097427,139.5591675508597
23,2,20.009984280338752,123.0792250792532
23,3,23.326738883908085,131.23371235757978
23,4,26.04267854164991,153.21066354940393
23,5,26.617160195138094,197.33377213484687
23,6,23.75432949850347,196.59124448829635
23,0,28.92696806399004,178.28585966305715
23,1,23.94984078335113,136.16574484657414
23,2,26.34966568933801,155.89125425769694
23,3,29.341125155886253,169.04507423433358
23,4,28.644592382841797,169.61743284084773
23,5,29.34981615301651,193.69808501095795
23,6,23.358418157539177,200.19703587503147
23,0,21.93105281072628,116.8259492890684
23,1,23.160968859657377,149.04127394918697
23,2,26.334322213862517,144.7995588589369
23,3,24.51614371775797,116.30138742011007
23,4,23.222566388538294,153.5302411703645
23,5,25.505959876405957,246.63848254658495
23,6,26.87479938219906,187.8959963330852
23,0,21.71028848898294,139.49541793345412
23,1,28.168458581036283,181.38771848813863
23,2,24.115041307098448,142.8240608994315
23,3,29.567796409727837,203.43541329870035
23,4,28.713058227074505,150.97609021999176
23,5,22.450321552943382,206.57033526678788
23,6,29.509558250085384,212.02919418963828
23,0,22.421249006989157,107.3117256642086
23,1,24.875408557699597,127.84541888850153
23,2,23.649167443941103,158.81446444651013
23,3,28.709469923092744,162.41864723066064
23,4,23.411283933104357,169.57591506529258
23,5,23.03470485516741,206.998557736997
23,6,21.64933140203004,201.28027481137912
23,0,20.26033056037461,102.68031294901829
23,1,28.62490581204046,200.62944134560013
23,2,21.3613487737184,139.31456573406533
23,3,25.261339349476245,200.70533458143512
23,4,28.263502271121936,150.92561913813736
23,5,23.34441586438402,198.1536628460325
23,6,24.12353592168849,185.00116754004208
23,0,28.434385253594343,156.77191486874423
23,1,28.682771574662237,165.62389781196237
23,2,29.074936897235915,163.4631404359287
23,3,25.158399276444385,104.8245761442785
23,4,23.19918934528635,140.97415574869606
23,5,22.08592907046943,191.18049099791853
23,6,29.415676441156126,245.94707788577853
23,0,21.433987672414577,139.74112884786598
23,1,21.44997896930948,170.15350151330182
23,2,24.623622475245952,147.5804626493997
23,3,26.37666802177916,132.5568243731073
23,4,29.31486852218961,169.66662116315203
23,5,28.270759895114217,238.9259571406172
23,6,24.65510615018064,228.93790893419185
23,0,26.859617202841584,204.4984429881647
23,1,26.369168729438503,178.86874606213416
23,2,22.38787217714259,114.97971210105638
23,3,21.713193962239,115.93305127462068
23,4,22.60707867635984,147.1049944197073
23,5,26.559875490859923,206.75634448665207
23,6,20.427652948403782,185.28748308494855
23,0,28.03762134881419,154.05136211632396
23,1,21.72132663216284,127.50142045166088
23,2,23.832276050461168,165.51739771393085
23,3,28.110454078871225,190.5480152485256
23,4,28.117174495655128,198.44840653753903
23,5,28.10663104080977,251.9123299343565
23,6,28.20754822850248,217.82896448456623
23,0,21.532323459285617,122.39629226322003
23,1,22.03486292661803,111.6737085365539
23,2,26.856016509176484,180.8908069047868
23,3,22.514767284291757,165.28244564530286
23,4,23.204895940365567,158.59481773944609
23,5,27.810480147862307,216.85097793645892
23,6,28.23661744231845,190.77725409847992
23,0,22.290618016219117,143.09926527916937
23,1,22.091950420260613,160.11035005335964
23,2,23.853483697782085,163.50451213441215
23,3,25.642476515964116,120.8432216250593
23,4,27.815901377985902,150.6638572511537
23,5,20.45943443760561,198.2999661858149
23,6,26.27671346322642,186.49350800496407
23,0,27.129672172859895,173.19100866299902
22,4,25.833333333333332,301.9635605625932
